Tokens,Counts
PRA,8
AI,7
Bank of England,3
Financial Stability Board,2
Ryan Lovelock,1
New Frontier,1
New Physics of Financial Services,1
PageRank,1
Pete Thomas,1
Philip Sellar,1
Rostom,1
Rulebook,1
Sam Woods,1
ML,1
Sian Besley,1
Stephen Denby,1
W B.,1
Walczak,1
http://www.fsb.org/wp-content/uploads/P011117.pdf Institute of International Finance,1
http://www.weforum.org/docs/WEF_New_Physics_of_Financial_Services.pdf Sirignano,1
https://www.bankofengland.co.uk/-/media/boe/files,1
https://www.iif.com/file/24725/download?token=FFv8Lhl1 McWaters,1
n.d),1
"N., Patel",1
James Proudman,1
"Lund, J",1
Amadxarif et al.,1
"Amadxarif, Z., Brookes",1
Bank,1
Bank of England Staff Working Paper 658,1
Bank of England Staff Working Paper 688,1
Big Data,1
"Breslow, S.",1
"C., Grundy",1
Cai,1
Charlotte Bull,1
DRR,1
David Bholat,1
FCA,1
FSA,1
Google,1
HSBC,1
Hermann Hauser,1
Huw Van Steenis,1
I. Introduction II,1
"J., Francis",1
prudential,1
